{
  "average_accuracy_ak": {
    "mean": 0.8240000000000001,
    "std": 0.021213203435596368,
    "n": 2.0
  },
  "average_forgetting": {
    "mean": 0.02683333333333334,
    "std": 0.022863119258365032,
    "n": 2.0
  },
  "average_macro_f1_final": {
    "mean": 0.7222363451024523,
    "std": 0.01725992112788298,
    "n": 2.0
  },
  "bwt": {
    "mean": 0.056499999999999995,
    "std": 0.023805928299947095,
    "n": 2.0
  },
  "ewc_lambda": {
    "mean": 1.0,
    "std": 0.0,
    "n": 2.0
  },
  "num_classes_union": {
    "mean": 14.0,
    "std": 0.0,
    "n": 2.0
  },
  "num_features": {
    "mean": 39.0,
    "std": 0.0,
    "n": 2.0
  },
  "num_tasks": {
    "mean": 4.0,
    "std": 0.0,
    "n": 2.0
  },
  "replay_buffer_size": {
    "mean": 1000.0,
    "std": 0.0,
    "n": 2.0
  },
  "seed": {
    "mean": 42.5,
    "std": 0.7071067811865476,
    "n": 2.0
  },
  "task1_flood_ddos_latency_ms_per_sample_after_final": {
    "mean": 0.09496064451468555,
    "std": 0.01048122837023974,
    "n": 2.0
  },
  "task1_flood_ddos_test_acc_after_final": {
    "mean": 0.9724999999999999,
    "std": 0.010606601717798222,
    "n": 2.0
  },
  "task1_flood_ddos_test_macro_f1_after_final": {
    "mean": 0.9655268514786144,
    "std": 0.009255474126056944,
    "n": 2.0
  },
  "task2_flood_dos_latency_ms_per_sample_after_final": {
    "mean": 0.12359392578673578,
    "std": 0.017919273531963667,
    "n": 2.0
  },
  "task2_flood_dos_test_acc_after_final": {
    "mean": 0.972,
    "std": 0.004242640687119289,
    "n": 2.0
  },
  "task2_flood_dos_test_macro_f1_after_final": {
    "mean": 0.9640816844777841,
    "std": 0.0072750153818221365,
    "n": 2.0
  },
  "task3_mirai_latency_ms_per_sample_after_final": {
    "mean": 0.11692857419802749,
    "std": 0.018101740233845382,
    "n": 2.0
  },
  "task3_mirai_test_acc_after_final": {
    "mean": 0.7050000000000001,
    "std": 0.06929646455628163,
    "n": 2.0
  },
  "task3_mirai_test_macro_f1_after_final": {
    "mean": 0.6576164209861903,
    "std": 0.0822592155546784,
    "n": 2.0
  },
  "task4_recon_latency_ms_per_sample_after_final": {
    "mean": 0.09309535155352933,
    "std": 0.009271330013590977,
    "n": 2.0
  },
  "task4_recon_test_acc_after_final": {
    "mean": 0.6465000000000001,
    "std": 0.03040559159102157,
    "n": 2.0
  },
  "task4_recon_test_macro_f1_after_final": {
    "mean": 0.3017204234672204,
    "std": 0.003310958464732713,
    "n": 2.0
  }
}