{
  "num_tasks": 4,
  "task_names": [
    "task1_flood_ddos",
    "task2_flood_dos",
    "task3_mirai",
    "task4_recon"
  ],
  "accuracy_matrix": [
    [
      0.741
    ],
    [
      0.953,
      0.942
    ],
    [
      0.966,
      0.969,
      0.785
    ],
    [
      0.965,
      0.969,
      0.754,
      0.668
    ]
  ],
  "macro_f1_matrix": [
    [
      0.6426007362517554
    ],
    [
      0.9457974008788576,
      0.927830367189629
    ],
    [
      0.9564029630107184,
      0.9611355208571117,
      0.6954345490210182
    ],
    [
      0.9589822429609829,
      0.9589374717680612,
      0.7157824701199893,
      0.3040616246498599
    ]
  ],
  "latency_matrix": [
    [
      0.09289718750551401
    ],
    [
      0.08471042970086273,
      0.13912484373577172
    ],
    [
      0.10063011718557391,
      0.12385410159367893,
      0.092550820318138
    ],
    [
      0.08754929685892421,
      0.1362647656151239,
      0.12972843746865692,
      0.08653953123030078
    ]
  ],
  "average_accuracy_ak": 0.839,
  "average_macro_f1_final": 0.7344409523747233,
  "bwt": 0.07333333333333332,
  "average_forgetting": 0.010666666666666677,
  "task1_flood_ddos_test_acc_after_final": 0.965,
  "task1_flood_ddos_test_macro_f1_after_final": 0.9589822429609829,
  "task1_flood_ddos_latency_ms_per_sample_after_final": 0.08754929685892421,
  "task2_flood_dos_test_acc_after_final": 0.969,
  "task2_flood_dos_test_macro_f1_after_final": 0.9589374717680612,
  "task2_flood_dos_latency_ms_per_sample_after_final": 0.1362647656151239,
  "task3_mirai_test_acc_after_final": 0.754,
  "task3_mirai_test_macro_f1_after_final": 0.7157824701199893,
  "task3_mirai_latency_ms_per_sample_after_final": 0.12972843746865692,
  "task4_recon_test_acc_after_final": 0.668,
  "task4_recon_test_macro_f1_after_final": 0.3040616246498599,
  "task4_recon_latency_ms_per_sample_after_final": 0.08653953123030078,
  "num_features": 39,
  "num_classes_union": 14,
  "device": "cuda",
  "continual_method": "er",
  "replay_buffer_size": 1000,
  "ewc_lambda": 1.0,
  "seed": 42
}