{
  "phase1_test_acc_before_phase2": 0.7743,
  "phase1_test_acc_after_phase2": 0.537325,
  "phase2_test_acc_after_phase2": 0.844175,
  "phase1_test_macro_f1_after_phase2": 0.3475588719855085,
  "phase2_test_macro_f1_after_phase2": 0.37485528351538305,
  "phase1_latency_ms_per_sample": 0.045540703126789595,
  "phase2_latency_ms_per_sample": 0.10565960938038188,
  "bwt": -0.23697499999999994,
  "average_accuracy_ak": 0.69075,
  "num_features": 39,
  "num_classes_union": 34,
  "device": "cuda"
}