{
  "phase1_test_acc_before_phase2": 0.7997666666666666,
  "phase1_test_acc_after_phase2": 0.35336666666666666,
  "phase2_test_acc_after_phase2": 0.9816,
  "phase1_test_macro_f1_after_phase2": 0.3154812998128787,
  "phase2_test_macro_f1_after_phase2": 0.49151854817831114,
  "phase1_latency_ms_per_sample": 0.016833203130772745,
  "phase2_latency_ms_per_sample": 0.012127636716741108,
  "bwt": -0.44639999999999996,
  "average_accuracy_ak": 0.6674833333333333,
  "num_features": 39,
  "num_classes_union": 13,
  "device": "cuda"
}