{
  "phase1_test_acc_before_phase2": 0.7997666666666666,
  "phase1_test_acc_after_phase2": 0.4778,
  "phase2_test_acc_after_phase2": 0.9744,
  "phase1_test_macro_f1_after_phase2": 0.43013788329007147,
  "phase2_test_macro_f1_after_phase2": 0.487544867046802,
  "phase1_latency_ms_per_sample": 0.008405546873291314,
  "phase2_latency_ms_per_sample": 0.00858609374745356,
  "bwt": -0.3219666666666666,
  "average_accuracy_ak": 0.7261,
  "num_features": 39,
  "num_classes_union": 13,
  "device": "cuda"
}