{
  "phase1_test_acc_before_phase2": 0.8080666666666667,
  "phase1_test_acc_after_phase2": 0.475,
  "phase2_test_acc_after_phase2": 0.8447333333333333,
  "phase1_test_macro_f1_after_phase2": 0.35456975599283064,
  "phase2_test_macro_f1_after_phase2": 0.44429699544368445,
  "phase1_latency_ms_per_sample": 0.07701599608935794,
  "phase2_latency_ms_per_sample": 0.0691271484470235,
  "bwt": -0.33306666666666673,
  "average_accuracy_ak": 0.6598666666666666,
  "num_features": 39,
  "num_classes_union": 13,
  "device": "cuda"
}