{
  "phase1_test_acc_before_phase2": 0.8080666666666667,
  "phase1_test_acc_after_phase2": 0.5481333333333334,
  "phase2_test_acc_after_phase2": 0.9856333333333334,
  "phase1_test_macro_f1_after_phase2": 0.4623426828859749,
  "phase2_test_macro_f1_after_phase2": 0.5267819696253075,
  "phase1_latency_ms_per_sample": 0.0769570507827666,
  "phase2_latency_ms_per_sample": 0.07055517577327919,
  "bwt": -0.25993333333333335,
  "average_accuracy_ak": 0.7668833333333334,
  "num_features": 39,
  "num_classes_union": 13,
  "device": "cuda"
}