{
  "num_tasks": 4,
  "task_names": [
    "task1_flood_ddos",
    "task2_flood_dos",
    "task3_mirai",
    "task4_recon"
  ],
  "accuracy_matrix": [
    [
      0.741
    ],
    [
      0.956,
      0.948
    ],
    [
      0.971,
      0.974,
      0.788
    ],
    [
      0.974,
      0.971,
      0.782,
      0.673
    ]
  ],
  "macro_f1_matrix": [
    [
      0.6426007362517554
    ],
    [
      0.95276930911446,
      0.930968189263823
    ],
    [
      0.9631026263015207,
      0.9672836488874543,
      0.6880358784015735
    ],
    [
      0.9670369823898601,
      0.9624735954416908,
      0.6968042235005122,
      0.3105950545159085
    ]
  ],
  "latency_matrix": [
    [
      0.1898837499993533
    ],
    [
      0.09281210936933348,
      0.10833839846782212
    ],
    [
      0.08363804690816323,
      0.12045585935993586,
      0.08836535157570324
    ],
    [
      0.10073078124150925,
      0.19361898439456127,
      0.06800144533372077,
      0.15024449221527902
    ]
  ],
  "average_accuracy_ak": 0.85,
  "average_macro_f1_final": 0.7342274639619929,
  "bwt": 0.08333333333333333,
  "average_forgetting": 0.0030000000000000027,
  "task1_flood_ddos_test_acc_after_final": 0.974,
  "task1_flood_ddos_test_macro_f1_after_final": 0.9670369823898601,
  "task1_flood_ddos_latency_ms_per_sample_after_final": 0.10073078124150925,
  "task2_flood_dos_test_acc_after_final": 0.971,
  "task2_flood_dos_test_macro_f1_after_final": 0.9624735954416908,
  "task2_flood_dos_latency_ms_per_sample_after_final": 0.19361898439456127,
  "task3_mirai_test_acc_after_final": 0.782,
  "task3_mirai_test_macro_f1_after_final": 0.6968042235005122,
  "task3_mirai_latency_ms_per_sample_after_final": 0.06800144533372077,
  "task4_recon_test_acc_after_final": 0.673,
  "task4_recon_test_macro_f1_after_final": 0.3105950545159085,
  "task4_recon_latency_ms_per_sample_after_final": 0.15024449221527902,
  "num_features": 39,
  "num_classes_union": 14,
  "device": "cuda",
  "continual_method": "derpp",
  "replay_buffer_size": 1000,
  "ewc_lambda": 1.0,
  "seed": 42
}