{
  "num_tasks": 2,
  "task_names": [
    "phase1",
    "phase2"
  ],
  "joint_training_upper_bound": true,
  "accuracy_matrix": [
    [
      0.8077,
      0.9880333333333333
    ]
  ],
  "macro_f1_matrix": [
    [
      0.7632288581040511,
      0.5436857085011577
    ]
  ],
  "latency_matrix": [
    [
      0.025851894531569997,
      0.02492070312882788
    ]
  ],
  "average_accuracy_ak": 0.8978666666666666,
  "average_macro_f1_final": 0.6534572833026044,
  "num_features": 39,
  "num_classes_union": 13,
  "device": "cuda",
  "continual_method": "joint_upper_bound",
  "seed": 42,
  "phase1_test_acc_after_final": 0.8077,
  "phase1_test_macro_f1_after_final": 0.7632288581040511,
  "phase1_latency_ms_per_sample_after_final": 0.025851894531569997,
  "phase2_test_acc_after_final": 0.9880333333333333,
  "phase2_test_macro_f1_after_final": 0.5436857085011577,
  "phase2_latency_ms_per_sample_after_final": 0.02492070312882788
}