{
  "num_tasks": 2,
  "task_names": [
    "phase1",
    "phase2"
  ],
  "accuracy_matrix": [
    [
      0.8045
    ],
    [
      0.4094,
      0.9561333333333333
    ]
  ],
  "macro_f1_matrix": [
    [
      0.7179830364308387
    ],
    [
      0.2767027419755343,
      0.5067312489813879
    ]
  ],
  "latency_matrix": [
    [
      0.022927519535187457
    ],
    [
      0.024221015621606057,
      0.023304042974814365
    ]
  ],
  "average_accuracy_ak": 0.6827666666666666,
  "average_macro_f1_final": 0.39171699547846106,
  "bwt": -0.3951,
  "average_forgetting": 0.3951,
  "phase1_test_acc_after_final": 0.4094,
  "phase1_test_macro_f1_after_final": 0.2767027419755343,
  "phase1_latency_ms_per_sample_after_final": 0.024221015621606057,
  "phase2_test_acc_after_final": 0.9561333333333333,
  "phase2_test_macro_f1_after_final": 0.5067312489813879,
  "phase2_latency_ms_per_sample_after_final": 0.023304042974814365,
  "phase1_test_acc_before_phase2": 0.8045,
  "phase1_test_acc_after_phase2": 0.4094,
  "phase2_test_acc_after_phase2": 0.9561333333333333,
  "phase1_test_macro_f1_after_phase2": 0.2767027419755343,
  "phase2_test_macro_f1_after_phase2": 0.5067312489813879,
  "phase1_latency_ms_per_sample": 0.024221015621606057,
  "phase2_latency_ms_per_sample": 0.023304042974814365,
  "num_features": 39,
  "num_classes_union": 13,
  "device": "cuda",
  "continual_method": "finetune",
  "replay_buffer_size": 0,
  "ewc_lambda": 0.0,
  "seed": 42,
  "fisher_summaries": []
}