{
  "num_tasks": 2,
  "task_names": [
    "phase1",
    "phase2"
  ],
  "accuracy_matrix": [
    [
      0.8062333333333334
    ],
    [
      0.3376,
      0.8008
    ]
  ],
  "macro_f1_matrix": [
    [
      0.7251097737439828
    ],
    [
      0.2800006423101992,
      0.4054776927751424
    ]
  ],
  "latency_matrix": [
    [
      0.022830605462331732
    ],
    [
      0.025959257823160442,
      0.026900058594492293
    ]
  ],
  "average_accuracy_ak": 0.5691999999999999,
  "average_macro_f1_final": 0.3427391675426708,
  "bwt": -0.46863333333333335,
  "average_forgetting": 0.46863333333333335,
  "phase1_test_acc_after_final": 0.3376,
  "phase1_test_macro_f1_after_final": 0.2800006423101992,
  "phase1_latency_ms_per_sample_after_final": 0.025959257823160442,
  "phase2_test_acc_after_final": 0.8008,
  "phase2_test_macro_f1_after_final": 0.4054776927751424,
  "phase2_latency_ms_per_sample_after_final": 0.026900058594492293,
  "phase1_test_acc_before_phase2": 0.8062333333333334,
  "phase1_test_acc_after_phase2": 0.3376,
  "phase2_test_acc_after_phase2": 0.8008,
  "phase1_test_macro_f1_after_phase2": 0.2800006423101992,
  "phase2_test_macro_f1_after_phase2": 0.4054776927751424,
  "phase1_latency_ms_per_sample": 0.025959257823160442,
  "phase2_latency_ms_per_sample": 0.026900058594492293,
  "num_features": 39,
  "num_classes_union": 13,
  "device": "cuda",
  "continual_method": "finetune",
  "replay_buffer_size": 0,
  "ewc_lambda": 0.0,
  "seed": 43,
  "fisher_summaries": []
}