{
  "num_tasks": 4,
  "task_names": [
    "task1_flood_ddos",
    "task2_flood_dos",
    "task3_mirai",
    "task4_recon"
  ],
  "accuracy_matrix": [
    [
      0.769
    ],
    [
      0.956,
      0.942
    ],
    [
      0.978,
      0.979,
      0.781
    ],
    [
      0.98,
      0.975,
      0.656,
      0.625
    ]
  ],
  "macro_f1_matrix": [
    [
      0.6842606095571471
    ],
    [
      0.9545322510665615,
      0.933985598713272
    ],
    [
      0.9743486059114811,
      0.9759636778815248,
      0.6608375095129582
    ],
    [
      0.9720714599962459,
      0.969225897187507,
      0.5994503718523913,
      0.2993792222845809
    ]
  ],
  "latency_matrix": [
    [
      0.12231402342877118
    ],
    [
      0.0939289843699953,
      0.09698156250124157
    ],
    [
      0.10802203128150722,
      0.12370671875032711,
      0.11294257810732233
    ],
    [
      0.1023719921704469,
      0.11092308595834766,
      0.10412871092739806,
      0.09965117187675787
    ]
  ],
  "average_accuracy_ak": 0.809,
  "average_macro_f1_final": 0.7100317378301813,
  "bwt": 0.03966666666666666,
  "average_forgetting": 0.043000000000000003,
  "task1_flood_ddos_test_acc_after_final": 0.98,
  "task1_flood_ddos_test_macro_f1_after_final": 0.9720714599962459,
  "task1_flood_ddos_latency_ms_per_sample_after_final": 0.1023719921704469,
  "task2_flood_dos_test_acc_after_final": 0.975,
  "task2_flood_dos_test_macro_f1_after_final": 0.969225897187507,
  "task2_flood_dos_latency_ms_per_sample_after_final": 0.11092308595834766,
  "task3_mirai_test_acc_after_final": 0.656,
  "task3_mirai_test_macro_f1_after_final": 0.5994503718523913,
  "task3_mirai_latency_ms_per_sample_after_final": 0.10412871092739806,
  "task4_recon_test_acc_after_final": 0.625,
  "task4_recon_test_macro_f1_after_final": 0.2993792222845809,
  "task4_recon_latency_ms_per_sample_after_final": 0.09965117187675787,
  "num_features": 39,
  "num_classes_union": 14,
  "device": "cuda",
  "continual_method": "er",
  "replay_buffer_size": 1000,
  "ewc_lambda": 1.0,
  "seed": 43
}